{"displayFieldName":"","fieldAliases":{"OBJECTID":"OBJECTID","ClassValue":"ClassValue","C_20":"C_20","C_40":"C_40","Total":"Total","U_Accuracy":"U_Accuracy","Kappa":"Kappa"},"fields":[{"name":"OBJECTID","type":"esriFieldTypeOID","alias":"OBJECTID"},{"name":"ClassValue","type":"esriFieldTypeString","alias":"ClassValue","length":255},{"name":"C_20","type":"esriFieldTypeDouble","alias":"C_20"},{"name":"C_40","type":"esriFieldTypeDouble","alias":"C_40"},{"name":"Total","type":"esriFieldTypeDouble","alias":"Total"},{"name":"U_Accuracy","type":"esriFieldTypeDouble","alias":"U_Accuracy"},{"name":"Kappa","type":"esriFieldTypeDouble","alias":"Kappa"}],"features":[]}