<RasterFunctionTemplate xsi:type='typens:RasterFunctionTemplate' xmlns:xsi='http://www.w3.org/2001/XMLSchema-instance' xmlns:xs='http://www.w3.org/2001/XMLSchema' xmlns:typens='http://www.esri.com/schemas/ArcGIS/3.0.0'><Name>Арифметика каналу</Name><Description>Обчислює індекси, використовуючи попередньо задані формули або визначений користувачем вираз.</Description><Function xsi:type='typens:BandArithmeticFunction' id='ID1'><Name>Арифметика каналу</Name><Description>Обчислює індекси, використовуючи попередньо задані формули або визначений користувачем вираз.</Description><PixelType>F32</PixelType></Function><Arguments xsi:type='typens:BandArithmeticFunctionArguments' id='ID2'><Names xsi:type='typens:ArrayOfString' id='ID3'><String>Raster</String><String>Method</String><String>BandIndexes</String></Names><Values xsi:type='typens:ArrayOfAnyType' id='ID4'><AnyType xsi:type='typens:Raster' id='ID5'><RasterBandCollectionNames xsi:type='typens:ArrayOfRasterBandCollectionName' id='ID6'><RasterBandCollectionName xsi:type='typens:RasterBandCollectionName' id='ID7'><NameString></NameString><DatasetName xsi:type='typens:RasterDatasetName' id='ID8'><WorkspaceName xsi:type='typens:WorkspaceName' id='ID9'><NameString>Raster Workspace = D:\2022\Models\Palm_Tree_Detection\Kolovai\;</NameString><PathName>D:\2022\Models\Palm_Tree_Detection\Kolovai\</PathName><BrowseName>Raster Data</BrowseName><WorkspaceFactoryProgID>esriDataSourcesRaster.RasterWorkspaceFactory</WorkspaceFactoryProgID><WorkspaceType>esriFileSystemWorkspace</WorkspaceType><ConnectionProperties xsi:type='typens:PropertySet' id='ID10'><PropertyArray xsi:type='typens:ArrayOfPropertySetProperty' id='ID11'><PropertySetProperty xsi:type='typens:PropertySetProperty' id='ID12'><Key>DATABASE</Key><Value xsi:type='xs:string'>D:\2022\Models\Palm_Tree_Detection\Kolovai\</Value></PropertySetProperty></PropertyArray></ConnectionProperties></WorkspaceName><Name>5b1b6fb2-5024-4681-a175-9b667174f48c.tif</Name><NameString>RASTER: Workspace = D:\2022\Models\Palm_Tree_Detection\Kolovai\; RasterDataset = 5b1b6fb2-5024-4681-a175-9b667174f48c.tif;</NameString><Category>Raster Dataset</Category></DatasetName><BandIDs xsi:type='typens:ArrayOfInt' id='ID13'><Int>0</Int><Int>1</Int><Int>2</Int></BandIDs></RasterBandCollectionName></RasterBandCollectionNames></AnyType><AnyType xsi:type='typens:RasterFunctionVariable' id='ID14'><Name>Method</Name><Description></Description><Value xsi:type='xs:int'>9</Value><IsDataset>false</IsDataset></AnyType><AnyType xsi:type='typens:RasterFunctionVariable' id='ID15'><Name>BandIndexes</Name><Description></Description><Value xsi:type='xs:string'>1 2 3</Value><IsDataset>false</IsDataset></AnyType></Values></Arguments><Help></Help><Type>0</Type><Thumbnail xsi:type='xs:string'></Thumbnail><Definition></Definition><Group></Group><Tag></Tag><ThumbnailEx></ThumbnailEx><Properties xsi:type='typens:PropertySet' id='ID16'><PropertyArray xsi:type='typens:ArrayOfPropertySetProperty' id='ID17'><PropertySetProperty xsi:type='typens:PropertySetProperty' id='ID18'><Key>MatchVariable</Key><Value xsi:type='typens:RasterFunctionVariable' id='ID19'><Name>MatchVariable</Name><Description></Description><Value xsi:type='xs:int'>1</Value><IsDataset>false</IsDataset></Value></PropertySetProperty><PropertySetProperty xsi:type='typens:PropertySetProperty' id='ID20'><Key>UnionDimension</Key><Value xsi:type='typens:RasterFunctionVariable' id='ID21'><Name>UnionDimension</Name><Description></Description><Value xsi:type='xs:int'>0</Value><IsDataset>false</IsDataset></Value></PropertySetProperty></PropertyArray></Properties></RasterFunctionTemplate>