<RasterFunctionTemplate xsi:type='typens:RasterFunctionTemplate' xmlns:xsi='http://www.w3.org/2001/XMLSchema-instance' xmlns:xs='http://www.w3.org/2001/XMLSchema' xmlns:typens='http://www.esri.com/schemas/ArcGIS/3.0.0'><Name>Louisville Neighborhood Extracted Bands</Name><Description>Вказує, з якими каналами слід працювати при використанні багатоканальних наборів даних.</Description><Function xsi:type='typens:ExtractBandFunction' id='ID1'><Name>Louisville Neighborhood Extracted Bands</Name><Description>Вказує, з якими каналами слід працювати при використанні багатоканальних наборів даних.</Description><PixelType>UNKNOWN</PixelType></Function><Arguments xsi:type='typens:ExtractBandFunctionArguments' id='ID2'><Names xsi:type='typens:ArrayOfString' id='ID3'><String>Raster</String><String>Method</String><String>BandNames</String><String>BandWavelengths</String><String>BandIds</String><String>MissingBandAction</String></Names><Values xsi:type='typens:ArrayOfAnyType' id='ID4'><AnyType xsi:type='typens:Raster' id='ID5'><RasterBandCollectionNames xsi:type='typens:ArrayOfRasterBandCollectionName' id='ID6'><RasterBandCollectionName xsi:type='typens:RasterBandCollectionName' id='ID7'><NameString></NameString><DatasetName xsi:type='typens:RasterDatasetName' id='ID8'><WorkspaceName xsi:type='typens:WorkspaceName' id='ID9'><NameString>Raster Workspace = D:\2022\Models\Surface_Imperviousness\Surface_Imperviousness\Louisville_Imagery\;</NameString><PathName>D:\2022\Models\Surface_Imperviousness\Surface_Imperviousness\Louisville_Imagery\</PathName><BrowseName>Raster Data</BrowseName><WorkspaceFactoryProgID>esriDataSourcesRaster.RasterWorkspaceFactory</WorkspaceFactoryProgID><WorkspaceType>esriFileSystemWorkspace</WorkspaceType><ConnectionProperties xsi:type='typens:PropertySet' id='ID10'><PropertyArray xsi:type='typens:ArrayOfPropertySetProperty' id='ID11'><PropertySetProperty xsi:type='typens:PropertySetProperty' id='ID12'><Key>DATABASE</Key><Value xsi:type='xs:string'>D:\2022\Models\Surface_Imperviousness\Surface_Imperviousness\Louisville_Imagery\</Value></PropertySetProperty></PropertyArray></ConnectionProperties></WorkspaceName><Name>Louisville_Neighborhood.tif</Name><NameString>RASTER: Workspace = D:\2022\Models\Surface_Imperviousness\Surface_Imperviousness\Louisville_Imagery\; RasterDataset = Louisville_Neighborhood.tif;</NameString><Category>Raster Dataset</Category></DatasetName><BandIDs xsi:type='typens:ArrayOfInt' id='ID13'><Int>0</Int><Int>1</Int><Int>2</Int><Int>3</Int></BandIDs></RasterBandCollectionName></RasterBandCollectionNames></AnyType><AnyType xsi:type='typens:RasterFunctionVariable' id='ID14'><Name>Method</Name><Description></Description><Value xsi:type='xs:int'>2</Value><IsDataset>false</IsDataset></AnyType><AnyType xsi:type='typens:RasterFunctionVariable' id='ID15'><Name>BandNames</Name><Description></Description><Value></Value><IsDataset>false</IsDataset></AnyType><AnyType xsi:type='typens:RasterFunctionVariable' id='ID16'><Name>BandWavelengths</Name><Description></Description><Value></Value><IsDataset>false</IsDataset></AnyType><AnyType xsi:type='typens:RasterFunctionVariable' id='ID17'><Name>BandIds</Name><Description></Description><Value xsi:type='typens:ArrayOfInt' id='ID18'><Int>3</Int><Int>0</Int><Int>2</Int></Value><IsDataset>false</IsDataset></AnyType><AnyType xsi:type='typens:RasterFunctionVariable' id='ID19'><Name>MissingBandAction</Name><Description></Description><Value xsi:type='xs:int'>0</Value><IsDataset>false</IsDataset></AnyType></Values></Arguments><Help></Help><Type>0</Type><Thumbnail xsi:type='xs:string'></Thumbnail><Definition></Definition><Group></Group><Tag></Tag><ThumbnailEx></ThumbnailEx><Properties xsi:type='typens:PropertySet' id='ID20'><PropertyArray xsi:type='typens:ArrayOfPropertySetProperty' id='ID21'><PropertySetProperty xsi:type='typens:PropertySetProperty' id='ID22'><Key>MatchVariable</Key><Value xsi:type='typens:RasterFunctionVariable' id='ID23'><Name>MatchVariable</Name><Description></Description><Value xsi:type='xs:int'>1</Value><IsDataset>false</IsDataset></Value></PropertySetProperty><PropertySetProperty xsi:type='typens:PropertySetProperty' id='ID24'><Key>UnionDimension</Key><Value xsi:type='typens:RasterFunctionVariable' id='ID25'><Name>UnionDimension</Name><Description></Description><Value xsi:type='xs:int'>0</Value><IsDataset>false</IsDataset></Value></PropertySetProperty></PropertyArray></Properties></RasterFunctionTemplate>