<PAMDataset>
  <SRS>PROJCS["USA_Contiguous_Lambert_Conformal_Conic",GEOGCS["GCS_North_American_1983",DATUM["North_American_Datum_1983",SPHEROID["GRS_1980",6378137.0,298.257222101]],PRIMEM["Greenwich",0.0],UNIT["Degree",0.0174532925199433]],PROJECTION["Lambert_Conformal_Conic_2SP"],PARAMETER["False_Easting",0.0],PARAMETER["False_Northing",0.0],PARAMETER["Central_Meridian",-96.0],PARAMETER["Standard_Parallel_1",33.0],PARAMETER["Standard_Parallel_2",45.0],PARAMETER["Latitude_Of_Origin",39.0],UNIT["Meter",1.0],AUTHORITY["Esri","102004"]]</SRS>
  <Metadata domain="IMAGE_STRUCTURE">
    <MDI key="COMPRESSION">JPEG</MDI>
    <MDI key="INTERLEAVE">PIXEL</MDI>
    <MDI key="SOURCE_COLOR_SPACE">YCbCr</MDI>
  </Metadata>
  <Metadata>
    <MDI key="EXIF_ColorSpace">1</MDI>
    <MDI key="EXIF_DateTime">2021:11:17 12:56:26</MDI>
    <MDI key="EXIF_DateTimeDigitized">2021:11:17 10:50:58</MDI>
    <MDI key="EXIF_DateTimeOriginal">2021:11:17 10:50:58</MDI>
    <MDI key="EXIF_Orientation">1</MDI>
    <MDI key="EXIF_Software">Windows Photo Editor 10.0.10011.16384</MDI>
    <MDI key="EXIF_SubSecTime_Digitized">00</MDI>
    <MDI key="EXIF_SubSecTime_Original">00</MDI>
  </Metadata>
  <Metadata domain="xml:ESRI" format="xml">
    <GeodataXform xsi:type="typens:SplineXform" xmlns:xsi="http://www.w3.org/2001/XMLSchema-instance" xmlns:xs="http://www.w3.org/2001/XMLSchema" xmlns:typens="http://www.esri.com/schemas/ArcGIS/2.8.0">
      <SpatialReference xsi:type="typens:ProjectedCoordinateSystem">
        <WKT>PROJCS["USA_Contiguous_Lambert_Conformal_Conic",GEOGCS["GCS_North_American_1983",DATUM["D_North_American_1983",SPHEROID["GRS_1980",6378137.0,298.257222101]],PRIMEM["Greenwich",0.0],UNIT["Degree",0.0174532925199433]],PROJECTION["Lambert_Conformal_Conic"],PARAMETER["False_Easting",0.0],PARAMETER["False_Northing",0.0],PARAMETER["Central_Meridian",-96.0],PARAMETER["Standard_Parallel_1",33.0],PARAMETER["Standard_Parallel_2",45.0],PARAMETER["Latitude_Of_Origin",39.0],UNIT["Meter",1.0],AUTHORITY["Esri",102004]]</WKT>
        <XOrigin>-36966200</XOrigin>
        <YOrigin>-29137100</YOrigin>
        <XYScale>121830202.38408317</XYScale>
        <ZOrigin>-100000</ZOrigin>
        <ZScale>10000</ZScale>
        <MOrigin>-100000</MOrigin>
        <MScale>10000</MScale>
        <XYTolerance>0.001</XYTolerance>
        <ZTolerance>0.001</ZTolerance>
        <MTolerance>0.001</MTolerance>
        <HighPrecision>true</HighPrecision>
        <WKID>102004</WKID>
        <LatestWKID>102004</LatestWKID>
      </SpatialReference>
      <SourceGCPs xsi:type="typens:ArrayOfDouble">
        <Double>526.2062982966429</Double>
        <Double>-262.07678664114331</Double>
        <Double>4529.1356116287388</Double>
        <Double>-3559.2046722443692</Double>
        <Double>2779.7678754725271</Double>
        <Double>-3477.5854091414958</Double>
        <Double>4754.1243561413257</Double>
        <Double>-827.49811348518392</Double>
        <Double>547.2204999505484</Double>
        <Double>-2384.0598666435435</Double>
        <Double>4894.3215545104104</Double>
        <Double>-1847.8003548792899</Double>
        <Double>2315.6349577547294</Double>
        <Double>-1580.0885654680521</Double>
        <Double>3587.5462423404229</Double>
        <Double>-742.04228575131356</Double>
        <Double>561.18941821410624</Double>
        <Double>-1565.4969662213057</Double>
        <Double>2215.2957337727084</Double>
        <Double>-572.36070164032208</Double>
      </SourceGCPs>
      <TargetGCPs xsi:type="typens:ArrayOfDouble">
        <Double>-2110648.0237402557</Double>
        <Double>1377758.3895091133</Double>
        <Double>1466622.5606002824</Double>
        <Double>-1495124.3871527584</Double>
        <Double>-117264.65781590261</Double>
        <Double>-1449391.1706045566</Double>
        <Double>1666161.3661143112</Double>
        <Double>861108.65133519215</Double>
        <Double>-2073230.9103818615</Double>
        <Double>-426500.40506877872</Double>
        <Double>1757563.9616070807</Double>
        <Double>-11717.093077380532</Double>
        <Double>-506296.40425873327</Double>
        <Double>237278.44628303635</Double>
        <Double>627565.54741246917</Double>
        <Double>961944.10163224058</Double>
        <Double>-2043981.7923874967</Double>
        <Double>272096.93924139289</Double>
        <Double>-593666.0492539492</Double>
        <Double>1136991.9949161895</Double>
      </TargetGCPs>
    </GeodataXform>
  </Metadata>
  <PAMRasterBand band="1">
    <Histograms>
      <HistItem>
        <HistMin>-0.5</HistMin>
        <HistMax>255.5</HistMax>
        <BucketCount>256</BucketCount>
        <IncludeOutOfRange>1</IncludeOutOfRange>
        <Approximate>0</Approximate>
        <HistCounts>14476|9477|4683|10840|8405|7879|9102|9558|9979|10365|11058|11566|11776|12667|13090|13579|14026|14305|14606|14910|15528|15589|15773|15797|16269|16370|16877|17178|17547|18051|18400|18648|18956|19820|20155|20429|21035|21187|21840|22178|22869|23419|24082|24732|25515|25857|26876|27574|28122|28907|29750|30437|31398|32240|33037|33365|34552|35052|35929|37184|37913|38548|39852|40939|41775|43137|43930|44285|45302|46177|47509|47933|48709|49286|49759|50410|51091|51446|52372|52569|52901|53858|54037|55004|55694|56050|56637|56818|57245|57483|57758|57839|57810|58517|58234|57775|58384|58156|58120|57475|57712|57772|57957|57714|58083|57941|58127|57946|57619|57160|56783|55987|56073|55725|55230|54783|54778|54075|53989|54028|53346|53390|53166|52921|52731|52913|52802|52679|52603|52419|52233|52400|51732|51618|51390|51427|51146|50906|50938|50846|51069|51434|51641|51498|51766|52182|52635|53155|53356|53693|53805|54748|54664|55090|55919|55529|56847|56601|56935|57412|57974|58183|59025|59556|59732|60741|60500|61692|61905|62622|63486|63655|64070|65581|66159|66097|66701|67269|67071|67565|67741|68610|68763|69399|70042|70460|71422|72473|73656|74170|74892|75729|76426|76763|78015|79043|79886|80491|82133|83169|84923|86099|87360|90600|92480|95282|98005|100415|104013|107058|109635|112660|116100|119380|123150|128622|133113|139047|145516|151695|160020|167112|177757|186850|199647|215649|233466|253499|273325|294644|315432|334761|356524|379051|400613|418756|432570|446241|464145|477779|487940|489403|478583|453462|415332|367180|313688|259193|207442|161621|124401|94796|73009|57823|46029|192397</HistCounts>
      </HistItem>
    </Histograms>
    <Metadata domain="IMAGE_STRUCTURE">
      <MDI key="COMPRESSION">JPEG</MDI>
    </Metadata>
    <Metadata>
      <MDI key="STATISTICS_COVARIANCES">4151.826703041455,2996.776574761183,2854.003066729028</MDI>
      <MDI key="STATISTICS_MAXIMUM">255</MDI>
      <MDI key="STATISTICS_MEAN">185.59981466618</MDI>
      <MDI key="STATISTICS_MEDIAN">216,000000</MDI>
      <MDI key="STATISTICS_MINIMUM">0</MDI>
      <MDI key="STATISTICS_SKIPFACTORX">1</MDI>
      <MDI key="STATISTICS_SKIPFACTORY">1</MDI>
      <MDI key="STATISTICS_STDDEV">64.434670039052</MDI>
    </Metadata>
  </PAMRasterBand>
  <PAMRasterBand band="2">
    <Histograms>
      <HistItem>
        <HistMin>-0.5</HistMin>
        <HistMax>255.5</HistMax>
        <BucketCount>256</BucketCount>
        <IncludeOutOfRange>1</IncludeOutOfRange>
        <Approximate>0</Approximate>
        <HistCounts>19766|6360|6171|6242|6244|6543|6905|7145|7669|8097|8472|8923|9483|9838|10076|10359|10437|10590|10389|10830|10712|10980|10894|11235|11439|11546|11939|12246|12704|13053|13210|13490|13690|13980|14025|14230|14238|14565|14498|14851|15086|14999|15235|15487|15728|16057|16601|16539|16958|17227|17471|18049|18446|18471|18721|19328|19081|19788|20056|20164|20470|21099|21374|21726|22095|22435|23266|23659|24044|24561|25755|26046|26688|27391|28556|28987|29720|30316|31216|32206|33064|33562|34012|35298|35749|36632|38094|38887|39487|40282|41552|42680|43171|44204|45647|45940|47146|47938|48983|49901|51178|52158|53726|54774|56603|57877|59916|61035|62200|63898|64931|66159|67635|68932|69120|71192|72398|73815|74595|76095|77640|78546|80008|81671|82271|84024|84627|86354|87503|88463|89170|90762|91743|92636|93268|93953|94373|95104|95619|97088|96660|96650|96769|97268|97159|98417|98220|97847|98649|97845|98771|98254|98609|99113|98558|98557|98141|98517|98473|98787|99218|98527|98881|100042|100914|100672|101247|101854|102121|102447|102698|103681|104333|106067|106976|108098|110729|111585|112963|114463|114931|116677|117284|118644|120592|121569|124433|128789|132479|137191|142231|147331|153278|161330|171347|183391|195612|210938|228073|243678|259888|276454|293270|309292|325283|340423|358663|379210|402041|428450|458943|485731|497963|500241|488442|465465|432588|397921|359752|322220|285229|251025|218703|185843|155509|127506|103793|83249|67438|54811|45533|38340|32271|27157|23269|19712|16689|14287|11978|10226|8510|7031|5890|4979|4110|3430|2782|2343|1820|1517|1200|895|688|620|367|812</HistCounts>
      </HistItem>
    </Histograms>
    <Metadata domain="IMAGE_STRUCTURE">
      <MDI key="COMPRESSION">JPEG</MDI>
    </Metadata>
    <Metadata>
      <MDI key="STATISTICS_COVARIANCES">2996.776574761183,2427.799756216657,2255.883368320963</MDI>
      <MDI key="STATISTICS_MAXIMUM">255</MDI>
      <MDI key="STATISTICS_MEAN">172.98469862804</MDI>
      <MDI key="STATISTICS_MEDIAN">193,000000</MDI>
      <MDI key="STATISTICS_MINIMUM">0</MDI>
      <MDI key="STATISTICS_SKIPFACTORX">1</MDI>
      <MDI key="STATISTICS_SKIPFACTORY">1</MDI>
      <MDI key="STATISTICS_STDDEV">49.272708026012</MDI>
    </Metadata>
  </PAMRasterBand>
  <PAMRasterBand band="3">
    <Histograms>
      <HistItem>
        <HistMin>-0.5</HistMin>
        <HistMax>238.5</HistMax>
        <BucketCount>239</BucketCount>
        <IncludeOutOfRange>1</IncludeOutOfRange>
        <Approximate>0</Approximate>
        <HistCounts>90632|11963|12917|13298|14450|15190|15874|16680|17717|18621|19384|20008|20781|21037|21986|22566|23365|23552|24261|25092|25714|26062|26899|27618|28069|28758|29203|29969|30173|30864|31061|31659|32095|32523|32813|33369|33843|34206|34653|35034|36077|36501|37160|38242|39076|39710|40672|41705|42405|43903|44733|45770|46749|48032|49315|50384|51531|52903|53823|54705|56051|57721|59030|60584|61843|63628|65112|66514|68131|69751|71158|72624|73594|74835|76448|77606|79270|80212|81366|82678|83986|84873|85496|86501|87678|89193|89904|89814|91883|92227|92258|93388|94492|94219|94873|95338|96269|96958|96968|98477|98380|98693|99274|99754|99819|100086|100035|100019|99976|100622|101144|100816|100981|100412|100866|100974|100887|100393|100480|100484|101096|100888|100496|100802|101297|101754|101468|100935|101184|101225|101510|101326|103101|103506|104683|106718|107831|109595|111296|112413|114814|116492|117991|119985|122373|125944|129001|134120|139512|144324|151402|157638|161898|169294|176991|186086|196450|206328|220116|233831|251577|270259|289992|309297|329037|348762|368227|390640|415642|441117|463464|477025|489177|493065|483658|462122|431738|393223|353576|311951|269680|230485|192253|159517|131021|108726|91364|77614|67365|58144|49483|42099|35741|30577|26518|22299|19426|17055|14292|12118|10209|8814|7381|6448|5432|4445|3895|3174|2706|2247|1913|1453|1237|956|812|583|521|271|279|162|184|85|57|51|23|29|6|14|4|0|0|1|0|0|0|0|1|0|1</HistCounts>
      </HistItem>
    </Histograms>
    <Metadata domain="IMAGE_STRUCTURE">
      <MDI key="COMPRESSION">JPEG</MDI>
    </Metadata>
    <Metadata>
      <MDI key="STATISTICS_COVARIANCES">2854.003066729028,2255.883368320963,2136.388400196132</MDI>
      <MDI key="STATISTICS_MAXIMUM">238</MDI>
      <MDI key="STATISTICS_MEAN">133.9343325184</MDI>
      <MDI key="STATISTICS_MEDIAN">152,000000</MDI>
      <MDI key="STATISTICS_MINIMUM">0</MDI>
      <MDI key="STATISTICS_SKIPFACTORX">1</MDI>
      <MDI key="STATISTICS_SKIPFACTORY">1</MDI>
      <MDI key="STATISTICS_STDDEV">46.22108177224</MDI>
    </Metadata>
  </PAMRasterBand>
</PAMDataset>
